<?xml version="1.0" encoding="UTF-8"?>
<project-private xmlns="http://www.netbeans.org/ns/project-private/1">
    <editor-bookmarks xmlns="http://www.netbeans.org/ns/editor-bookmarks/2" lastBookmarkId="0"/>
    <open-files xmlns="http://www.netbeans.org/ns/projectui-open-files/2">
        <group>
            <file>file:/D:/StudentRegistration/src/studentregistration/Dashboard.java</file>
            <file>file:/D:/StudentRegistration/src/studentregistration/Registration.java</file>
            <file>file:/D:/StudentRegistration/src/studentregistration/DBConnection.java</file>
            <file>file:/D:/StudentRegistration/src/studentregistration/Login.java</file>
            <file>file:/D:/StudentRegistration/src/studentregistration/StudentRegistration.java</file>
        </group>
    </open-files>
</project-private>
